﻿{"inkVersion":21,"root":[["\n",{"->":"Body"},["done",{"#f":5,"#n":"g-0"}],null],"done",{"Body":[[["ev","visit",1,"MIN","/ev","ev","du",0,"==","/ev",{"->":".^.s0","c":true},"ev","du",1,"==","/ev",{"->":".^.s1","c":true},"nop",{"s0":["pop","^This is... was your body. It's undeniable. There is a pool of blood beneath your body and a bloodied knife beside it.",{"->":".^.^.17"},null],"s1":["pop",{"->":".^.^.17"},null],"#f":5}],"\n","ev","str","^Check the coat pockets.","/str","/ev",{"*":".^.c-0","flg":20},"ev","str","^Come to a final conclusion about your death.","/str","/ev",{"*":".^.c-1","flg":20},{"c-0":["^ ",{"->":"Pockets"},"\n",{"#f":5}],"c-1":["^ ",{"->":"Conclude"},"\n",{"#f":5}]}],{"#f":1}],"Pockets":["^In the left coat pocket you find a letter from an unknown sender.","\n","^\"This is the final straw.\" It reads.","\n","^\"Deliver on what you've promised immediately or we will have to pay a visit to you and your family.\"","\n","^The paper is crumpled, as if it has been read over and over again.","\n","ev",true,"/ev",{"VAR=":"checked_pockets","re":true},{"->":"Body"},{"#f":1}],"Conclude":[["^You know now that you have all the information you need to make a conclusion.","\n","^All you have to do is make sense of the memories you've uncovered.","\n","^So, how did you die?","\n","ev","str","^You must have killed yourself out of stress.","/str","/ev",{"*":".^.c-0","flg":20},"ev","str","^You must have been killed for refusing to work with whoever was coercing you.","/str","/ev",{"*":".^.c-1","flg":20},"ev","str","^Your wife must have killed you because she found out what you were doing.","/str","/ev",{"*":".^.c-2","flg":20},{"c-0":["^ ",{"->":"Wrong"},"\n",{"#f":5}],"c-1":["^ ",{"->":"Right"},"\n",{"#f":5}],"c-2":["^ ",{"->":"Wrong"},"\n",{"#f":5}]}],{"#f":1}],"Wrong":["^That doesn't seem quite right... but you don't have any better ideas.","\n","^It's time to face the Grim Reaper.","\n","ev","str","^Wrong","/str","/ev",{"VAR=":"final_choice","re":true},"end",{"#f":1}],"Right":["^The conclusion settles into you with finality. This is what happened.","\n","^It's finally time to face the Grim Reaper.","\n","ev","str","^Right","/str","/ev",{"VAR=":"final_choice","re":true},"end",{"#f":1}],"global decl":["ev","str","^","/str",{"VAR=":"picture_choice"},"str","^","/str",{"VAR=":"mug_choice"},"str","^","/str",{"VAR=":"victim_choice"},false,{"VAR=":"got_key"},"str","^","/str",{"VAR=":"final_choice"},false,{"VAR=":"ready_to_fight"},false,{"VAR=":"checked_pockets"},"/ev","end",null],"#f":1}],"listDefs":{}}