﻿{"inkVersion":21,"root":[["\n",{"->":"Desk"},["done",{"#f":5,"#n":"g-0"}],null],"done",{"Desk":[[["ev","visit",1,"MIN","/ev","ev","du",0,"==","/ev",{"->":".^.s0","c":true},"ev","du",1,"==","/ev",{"->":".^.s1","c":true},"nop",{"s0":["pop","^You approach the desk with a sense of familiarity. This desk must have been yours.",{"->":".^.^.17"},null],"s1":["pop",{"->":".^.^.17"},null],"#f":5}],"\n","ev","str","^Investigate the papers on the desk.","/str","/ev",{"*":".^.c-0","flg":20},"ev","str","^Notice the mug lying on the ground.","/str","/ev",{"*":".^.c-1","flg":20},{"*":".^.c-2","flg":24},{"c-0":["^ ",{"->":"Papers"},"\n",{"#f":5}],"c-1":["^ ",{"->":"Mug"},"\n",{"#f":5}],"c-2":["end","\n",{"#f":5}]}],{"#f":1}],"Papers":["^You look over the papers and find a stack of completed assignments ready for grading.","\n","^You also find a letter hidden at the bottom the stack. The sender is demanding that you \"stop being sloppy\" and to \"double your monthly deliveries\" or face the consequences.","\n","^The letter is unsigned.","\n",{"->":"Desk"},{"#f":1}],"Mug":[["^The mug looks like it was knocked off the desk in a rush. Emblazoned on the side are the words \"#1 Professor!\"","\n","^You feel a spark of memory. You were a university professor! Not only that, your students must have liked you too!","\n","^It's a shame they never knew what you were doing until it was too late... ","#","^boldtext","/#","\n","ev","str","^Gently put the mug back on the desk.","/str","/ev",{"*":".^.c-0","flg":20},"ev","str","^Kick away the mug in shame.","/str","/ev",{"*":".^.c-1","flg":20},{"c-0":["^ ",{"->":"Replace"},"\n",{"#f":5}],"c-1":["^ ",{"->":"Kick"},"\n",{"#f":5}]}],{"#f":1}],"Replace":["^You gently return the mug to its rightful place. You loved your students. It's only fair that you take care of the things they gave you.","\n","^If only you could have a second chance to make things right.","\n","^You feel your resolve strengthen.","\n","ev","str","^Replace","/str","/ev",{"VAR=":"mug_choice","re":true},{"->":"Desk"},{"#f":1}],"Kick":["^You kick away the mug in shame. You can't stand to look at it any longer. Not after what you did.","\n","^You feel your resolve weaken.","\n","ev","str","^Kick","/str","/ev",{"VAR=":"mug_choice","re":true},{"->":"Desk"},{"#f":1}],"global decl":["ev","str","^","/str",{"VAR=":"picture_choice"},"str","^","/str",{"VAR=":"mug_choice"},"str","^","/str",{"VAR=":"victim_choice"},false,{"VAR=":"got_key"},"str","^","/str",{"VAR=":"final_choice"},false,{"VAR=":"ready_to_fight"},"/ev","end",null],"#f":1}],"listDefs":{}}