﻿{"inkVersion":21,"root":[["\n","^Back so soon?","\n","^Are you sure you have enough memories to fight me?","\n","ev","str","^Yes, I know what happened to me.","/str","/ev",{"*":"0.c-0","flg":20},"ev","str","^Nevermind, I'm still unsure...","/str","/ev",{"*":"0.c-1","flg":20},{"c-0":["^ ",{"->":"Ready"},"\n",{"->":"0.g-0"},{"#f":5}],"c-1":["^ ",{"->":"NotReady"},"\n",{"->":"0.g-0"},{"#f":5}],"g-0":["done",{"#f":5}]}],"done",{"Ready":["^If you say so! Then follow me, let's do this somewhere more fitting...","\n","ev",true,"/ev",{"VAR=":"ready_to_fight","re":true},"end",{"#f":1}],"NotReady":["^Come back to me once you're sure you've got the strength to face me!","\n","end",{"#f":1}],"global decl":["ev","str","^","/str",{"VAR=":"picture_choice"},"str","^","/str",{"VAR=":"mug_choice"},"str","^","/str",{"VAR=":"victim_choice"},false,{"VAR=":"got_key"},"str","^","/str",{"VAR=":"final_choice"},false,{"VAR=":"ready_to_fight"},"/ev","end",null],"#f":1}],"listDefs":{}}