﻿{"inkVersion":21,"root":[["#","^GrimReaper1","/#","\n","^Hey you, you're finally awake.","\n",{"->":"Start"},["done",{"#f":5,"#n":"g-0"}],null],"done",{"Start":[["ev","str","^Where am I?","/str","/ev",{"*":".^.c-0","flg":20},"ev","str","^Who are you?","/str","/ev",{"*":".^.c-1","flg":20},{"c-0":["^ ",{"->":"Where"},"\n",{"#f":5}],"c-1":["^ ",{"->":"Who"},"\n",{"#f":5}]}],{"#f":1}],"Where":["^This is... was your house. Nice dig you've got here, by the way. Shame that it's so empty now though.","\n",{"->":"Start"},{"#f":1}],"Who":[["^I'm the Grim Reaper, of course! And I hate to be the bearer of bad news but... you're dead. Super dead.","\n","ev","str","^If I'm dead then how am I talking to you?","/str","/ev",{"*":".^.c-0","flg":20},"ev","str","^Dead?! Why can't I remember anything?","/str","/ev",{"*":".^.c-1","flg":20},{"c-0":["^ ",{"->":"Dead"},"\n",{"#f":5}],"c-1":["^ ",{"->":"Remember"},"\n",{"#f":5}]}],{"#f":1}],"Dead":[["^'Cuz you're a ghost! Super cool, right?","\n","ev","str","^Why can't I remember anything?","/str","/ev",{"*":".^.c-0","flg":20},{"c-0":["^ ",{"->":"Remember"},"\n",{"#f":5}]}],{"#f":1}],"Remember":[["^Because you're not supposed to be here at all!","\n","^It's my job to ferry souls into the afterlife, but sometimes when they die a terrible death without resolution, they stick around until they can find peace.","\n","^Like you.","\n","ev","str","^I died a terrible death?!","/str","/ev",{"*":".^.c-0","flg":20},"ev","str","^Well, what do I do now?","/str","/ev",{"*":".^.c-1","flg":20},{"c-0":["^ ",{"->":"Death"},"\n",{"#f":5}],"c-1":["^ ",{"->":"DoNow"},"\n",{"#f":5}]}],{"#f":1}],"Death":[["^Haha yeah it was great. Super gory and- hey wait, no spoilers! Find out yourself!","\n","ev","str","^Well, what do I do now?","/str","/ev",{"*":".^.c-0","flg":20},{"c-0":["^ ",{"->":"DoNow"},"\n",{"#f":5}]}],{"#f":1}],"DoNow":[["^You have to find out why your soul won't move on, of course!","\n","ev","str","^What if I don't want to move on?","/str","/ev",{"*":".^.c-0","flg":20},{"c-0":["^ ",{"->":"MoveOn"},"\n",{"#f":5}]}],{"#f":1}],"MoveOn":[["^HAHAHA! That's really funny, you're a funny guy...","\n","ev","str","^...","/str","/ev",{"*":".^.c-0","flg":20},{"c-0":["^ ",{"->":"MoveOn2"},"\n",{"#f":5}]}],{"#f":1}],"MoveOn2":[["^... Wait, you're serious?","\n","^I suppose you could try to bust out of this limbo you're in and bring yourself back to life, but you'd have to get through me first.","\n","^And it's not going to be much of a fight if you don't even have any of your memories to fight back with.","\n","ev","str","^So I just need to restore my memories in order to get the strength to fight you?","/str","/ev",{"*":".^.c-0","flg":20},{"c-0":["^ ",{"->":"Restore"},"\n",{"#f":5}]}],{"#f":1}],"Restore":["^Yup! But it really is easier just make your peace and move on and..... hey! Where are you going?!","\n","end",{"#f":1}],"global decl":["ev","str","^","/str",{"VAR=":"picture_choice"},"str","^","/str",{"VAR=":"mug_choice"},"str","^","/str",{"VAR=":"victim_choice"},false,{"VAR=":"got_key"},"str","^","/str",{"VAR=":"final_choice"},false,{"VAR=":"ready_to_fight"},"/ev","end",null],"#f":1}],"listDefs":{}}