﻿{"inkVersion":21,"root":[["\n","ev",{"VAR?":"picture_choice"},"str","^","/str","==","/ev",[{"->":".^.b","c":true},{"b":["\n",{"->":"Start"},{"->":"0.10"},null]}],[{"->":".^.b"},{"b":["\n","^You have made your choice. ","end","\n",{"->":"0.10"},null]}],"nop","\n",["done",{"#f":5,"#n":"g-0"}],null],"done",{"Start":[["^A picture is framed on the wall. It shows a mother, father, and 3 kids sitting around a picnic on a bright sunny day.","\n","^A spark of memory returns to you… that father is you! You remember this scene fondly, but you are also overcome with a wave of indescribable guilt and FURY.","\n","ev","str","^Reminisce fondly on the memory.","/str","/ev",{"*":".^.c-0","flg":20},"ev","str","^Shatter the picture frame in anger!","/str","/ev",{"*":".^.c-1","flg":20},{"c-0":["^ ",{"->":"Reminisce"},"\n",{"#f":5}],"c-1":["^ ",{"->":"Shatter"},"\n",{"#f":5}]}],{"#f":1}],"Reminisce":["^You remember that you and your family had gone for a picnic by a creek on a warm summer day.","\n","^The kids played in the water with the dog, splashing and giggling with joy. You had smiled lovingly from your place at the picnic table... but you remember something odd.","\n","^When you had stolen a glance at your wife, she had a strange look on her face. Conflicted and pensive. Sad.","\n","^She knew something she shouldn’t. ","#","^boldtext","/#","\n","^Regardless, you feel rejuvenated by the warm memory.","\n","ev","str","^Reminisce","/str","/ev",{"VAR=":"picture_choice","re":true},"end",{"#f":1}],"Shatter":["^YOU SLAM YOUR GHOSTLY FIST INTO THE PICTURE FRAME, SHATTERING IT.","\n","^You can only remember one thing about the scene… Your wife’s face had looked sad and knowing the entire time.","\n","^She had known something she shouldn’t. Why couldn't she have just minded her business??? ","#","^boldtext","/#","\n","^You feel your form flicker weakly.","\n","ev","str","^Shatter","/str","/ev",{"VAR=":"picture_choice","re":true},"end",{"#f":1}],"global decl":["ev","str","^","/str",{"VAR=":"picture_choice"},"str","^","/str",{"VAR=":"mug_choice"},"str","^","/str",{"VAR=":"victim_choice"},false,{"VAR=":"got_key"},"str","^","/str",{"VAR=":"final_choice"},false,{"VAR=":"ready_to_fight"},"/ev","end",null],"#f":1}],"listDefs":{}}