﻿{"inkVersion":21,"root":[["\n",{"->":"Start"},["done",{"#f":5,"#n":"g-0"}],null],"done",{"Start":[[["ev","visit",1,"MIN","/ev","ev","du",0,"==","/ev",{"->":".^.s0","c":true},"ev","du",1,"==","/ev",{"->":".^.s1","c":true},"nop",{"s0":["pop","^\"Y-you... it's you again. Please, I can't do this anymore. Haven't you hurt me enough?\"",{"->":".^.^.17"},null],"s1":["pop",{"->":".^.^.17"},null],"#f":5}],"\n","ev","str","^Who are you?","/str","/ev",{"*":".^.c-0","flg":20},"ev","str","^What happened?","/str","/ev",{"*":".^.c-1","flg":20},{"c-0":["^ ",{"->":"Who"},"\n",{"#f":5}],"c-1":["^ ",{"->":"What"},"\n",{"#f":5}]}],{"#f":1}],"Who":["^\"You don't remember me...? I was your student. I loved your lectures and would stay after class to ask you questions.\"","\n","^\"I trusted you, you know? You were my favorite professor... w-which is why I didn't think... didn't think you'd...\"","\n",{"->":"Start"},{"#f":1}],"What":[["^\"I was a broke college student... I needed money and I was desperate. You let me petsit your dog one day.\"","\n","^\"I thought you were so kind... until you led me to this backroom and k-killed me.\"","\n","^\"I-I think you chopped me up for parts... I don't know, I try not to think about it...\"","\n","^\"Now I'm stuck here... forever... I can't even move on. It's torture.\"","\n","ev","str","^\"I remember now... I'm so sorry. If I could take it all back, I would.\"","/str","/ev",{"*":".^.c-0","flg":20},"ev","str","^\"I don't really care about your sob story. I did what I had to and you were painfully naive.\"","/str","/ev",{"*":".^.c-1","flg":20},{"c-0":["^ ",{"->":"Apologize"},"\n",{"#f":5}],"c-1":["^ ",{"->":"Unapologetic"},"\n",{"#f":5}]}],{"#f":1}],"Apologize":["^\"...\"","\n","^\"I forgive you... You know, since I can't leave this place, I went poking around for answers.\"","\n","^\"You weren't doing this for fun, were you? You were being coerced... Your family would die if you didn't.\"","\n","^\"T-thank you... for apologizing. I think it's what I needed to hear. I want to move on now... it's finally time for me to go.","\n","^\"Goodbye, professor...\"","\n","ev","str","^Apologize","/str","/ev",{"VAR=":"victim_choice","re":true},"end",{"#f":1}],"Unapologetic":["^\"...\" *sniffle*","\n","^\"I really... thought you were different. I went poking around for information after I died, you know?\"","\n","^\"You were being coerced into doing this... Your family would die if you didn't.\"","\n","^\"But maybe you still enjoyed what you were doing, huh?\"","\n","^\"Maybe I really am just naive...\" *sniffle*","\n","^\"I'm never going to leave this place, am I?\"","\n","ev","str","^Unapologetic","/str","/ev",{"VAR=":"victim_choice","re":true},"end",{"#f":1}],"global decl":["ev","str","^","/str",{"VAR=":"picture_choice"},"str","^","/str",{"VAR=":"mug_choice"},"str","^","/str",{"VAR=":"victim_choice"},false,{"VAR=":"got_key"},"str","^","/str",{"VAR=":"final_choice"},false,{"VAR=":"ready_to_fight"},"/ev","end",null],"#f":1}],"listDefs":{}}